,SINR,RSRP,RSRQ,Power
0,2.9992357,-77,-6,-77
1,-47.7645312,-123,-12,-123
2,-43.7644213,-119,-10,-119
3,-3.0003831,-80,-7,-80
4,2.9994374,-74,-7,-74
5,-47.7644638,-120,-9,-120
6,-45.7644213,-118,-9,-118
7,-3.000282,-77,-7,-77
8,0.9990941,-82,-5,-82
9,-46.5393236,-126,-12,-126
10,-41.5391153,-121,-10,-121
11,-1.0007196,-83,-7,-83
12,2.9947936,-83,-6,-83
13,-41.7657983,-123,-11,-123
14,-34.7646379,-116,-8,-116
15,-3.0026101,-86,-7,-86
16,1.991092,-83,-6,-83
17,-35.1265407,-116,-9,-116
18,-33.1257604,-114,-9,-114
19,-2.0056227,-85,-6,-85
20,2.991092,-82,-6,-82
21,-35.7661736,-116,-9,-116
22,-33.7655002,-114,-9,-114
23,-3.0044669,-85,-6,-85
24,18.993106,-79,-6,-79
25,-50.054376,-129,-20,-129
26,-50.054376,-129,-20,-129
27,-19.0000869,-98,-19,-98
28,4.994523,-80,-6,-80
29,-38.1939688,-117,-8,-117
30,-38.1939688,-117,-9,-117
31,-5.0017327,-85,-7,-85
32,300.0,-79,-6,-79
33,300.0,-78,-6,-78
34,300.0,-81,-6,-81
35,300.0,-82,-6,-82
36,300.0,-83,-6,-83
37,300.0,-84,-6,-84
38,300.0,-87,-6,-87
39,300.0,-91,-6,-91
40,300.0,-88,-6,-88
41,300.0,-91,-6,-91
42,300.0,-93,-6,-93
43,300.0,-93,-6,-93
44,300.0,-92,-6,-92
45,300.0,-93,-6,-93
46,300.0,-94,-6,-94
47,300.0,-97,-6,-97
48,300.0,-98,-6,-98
49,300.0,-98,-6,-98
50,2.3129129,-97,-6,-97
51,-10.6471053,-106,-7,-106
52,-13.8298488,-109,-8,-109
53,-4.7517757,-101,-7,-101
54,2.875574,-98,-5,-98
55,-8.1933105,-105,-7,-105
56,-5.7900975,-103,-7,-103
57,2.0030654,-98,-5,-98
58,-13.9518439,-110,-7,-110
59,-7.3966614,-104,-7,-104
60,-6.1868935,-103,-7,-103
61,0.3841794,-98,-6,-98
62,-11.5271876,-107,-7,-107
63,-10.4473465,-106,-7,-106
64,-3.0869416,-100,-7,-100
65,300.0,-99,-6,-99
66,300.0,-101,-6,-101
67,-1.5900149,-102,-7,-102
68,-12.6478126,-111,-7,-111
69,-1.5900149,-102,-7,-102
70,-8.2754131,-107,-7,-107
71,-6.1378505,-104,-7,-104
72,-11.8062872,-109,-7,-109
73,2.1059276,-99,-7,-99
74,-8.511331,-106,-7,-106
75,-4.8298488,-102,-6,-102
76,-11.7859229,-108,-7,-108
77,-0.1080307,-99,-7,-99
78,-6.1140885,-103,-7,-103
79,-2.0899269,-103,-6,-103
80,-8.6207231,-108,-7,-108
81,-3.6095925,-104,-7,-104
82,-6.2569328,-106,-7,-106
83,-26.1693048,-125,-20,-125
84,-6.015453,-104,-6,-104
85,-6.015453,-104,-7,-104
86,-1.7712125,-101,-7,-101
87,-6.015453,-104,-7,-104
88,-5.511331,-101,-7,-101
89,-6.7554288,-102,-7,-102
90,0.8919693,-97,-7,-97
91,-12.3409568,-107,-7,-107
92,-0.8062872,-100,-6,-100
93,-8.9066167,-106,-8,-106
94,-2.4911991,-101,-7,-101
95,-11.1080307,-108,-8,-108
96,-0.8062872,-100,-6,-100
97,-8.9066167,-106,-8,-106
98,-2.4911991,-101,-7,-101
99,-11.1080307,-108,-8,-108
100,-1.8062872,-101,-6,-101
101,-8.4232915,-106,-8,-106
102,-1.8062872,-101,-7,-101
103,-10.6478126,-108,-8,-108
104,-6.1378505,-101,-6,-101
105,-8.511331,-103,-7,-103
106,2.1059276,-96,-7,-96
107,-11.8062872,-106,-7,-106
108,-2.9518439,-101,-6,-101
109,-8.1080307,-105,-8,-105
110,-1.3409568,-100,-8,-100
111,-9.2439688,-106,-6,-106
112,-2.6088022,-104,-6,-104
113,-4.0729586,-105,-8,-105
114,-7.8476288,-108,-19,-108
115,-5.4092681,-106,-6,-106
116,-1.6088022,-103,-6,-103
117,-4.5945411,-105,-8,-105
118,-8.2881665,-108,-19,-108
119,-5.8940724,-106,-6,-106
120,-9.9882749,-104,-6,-104
121,-3.9269333,-99,-7,-99
122,1.3129129,-96,-7,-96
123,-13.2002346,-107,-7,-107
124,-6.7859229,-104,-6,-104
125,-6.7859229,-104,-7,-104
126,-1.1307442,-100,-7,-100
127,-5.5435816,-103,-7,-103
128,-7.5900149,-106,-7,-106
129,-10.9518439,-109,-7,-109
130,1.5907319,-100,-7,-100
131,-6.3895954,-105,-7,-105
132,-9.3071599,-105,-6,-105
133,-6.9984953,-103,-7,-103
134,2.9270414,-97,-7,-97
135,-11.4911991,-107,-7,-107
136,-8.6891105,-102,-6,-102
137,-0.4477982,-96,-7,-96
138,-2.1868935,-97,-7,-97
139,-15.1080307,-108,-7,-108
140,-15.6979321,-106,-6,-106
141,-8.201423,-99,-7,-99
142,6.8621495,-91,-7,-91
143,-18.7558787,-109,-7,-109
144,-6.9518439,-107,-6,-107
145,-8.1284136,-108,-20,-108
146,0.5372258,-102,-20,-102
147,-6.9518439,-107,-8,-107
148,7.5681396,-90,-6,-90
149,-19.653819,-109,-7,-109
150,-8.0713743,-98,-7,-98
151,-24.6858603,-114,-7,-114
152,12.2534669,-90,-5,-90
153,-21.2184042,-111,-7,-111
154,-15.1194914,-105,-7,-105
155,-17.1685209,-107,-7,-107
156,3.8805086,-89,-7,-89
157,-22.4652165,-110,-7,-110
158,-4.047965,-93,-7,-93
159,-26.480009,-114,-7,-114
160,6.3596691,-91,-6,-91
161,-18.8471036,-109,-8,-109
162,-7.1355253,-98,-8,-98
163,-18.8471036,-109,-7,-109
164,8.3596691,-89,-6,-89
165,-20.5533725,-109,-8,-109
166,-9.0860017,-98,-8,-98
167,-20.5533725,-109,-7,-109
168,10.3596691,-87,-6,-87
169,-22.357268,-109,-8,-109
170,-11.0544613,-98,-8,-98
171,-22.357268,-109,-7,-109
172,6.8472344,-85,-7,-85
173,-24.8015316,-109,-7,-109
174,-7.0309129,-92,-7,-92
175,-25.8044873,-110,-7,-110
176,3.9618569,-80,-6,-80
177,-31.4632003,-110,-7,-110
178,-4.0152252,-84,-7,-84
179,-27.4585098,-106,-7,-106
180,4.8891659,-84,-6,-84
181,-26.2098159,-109,-8,-109
182,-5.0353556,-89,-7,-89
183,-24.203732,-107,-8,-107
184,4.8891659,-84,-6,-84
185,-26.2098159,-109,-8,-109
186,-5.0353556,-89,-7,-89
187,-24.203732,-107,-8,-107
188,3.9397015,-83,-6,-83
189,-25.460325,-107,-7,-107
190,-4.0241057,-87,-7,-87
191,-29.4677535,-111,-7,-111
192,300.0,-84,-6,-84
193,300.0,-82,-6,-82
194,300.0,-84,-6,-84
195,300.0,-74,-6,-74
196,5.9979388,-71,-5,-71
197,-44.9735036,-115,-8,-115
198,-6.0005178,-77,-7,-77
199,-41.9733661,-112,-7,-112
200,3.9951796,-75,-6,-75
201,-40.4563868,-114,-7,-114
202,-4.0019197,-79,-7,-79
203,-36.4557957,-110,-7,-110
204,300.0,-75,-6,-75
205,300.0,-73,-6,-73
206,300.0,-73,-6,-73
207,5.9934853,-74,-6,-74
208,-36.9736649,-110,-7,-110
209,-6.0016373,-80,-8,-80
210,-39.9740997,-113,-7,-113
211,1.9869341,-83,-7,-83
212,-37.1286443,-118,-9,-118
213,-2.0082486,-85,-7,-85
214,-30.125268,-111,-7,-111
215,30.2099025,-86,-5,-86
216,-31.0006883,-117,-9,-117
217,-38.0034484,-124,-15,-124
218,3.9780528,-87,-6,-87
219,-31.4585624,-117,-9,-117
220,-38.4610464,-124,-15,-124
221,-4.0087506,-91,-8,-91
222,-34.4601105,-120,-10,-120
223,-36.4606844,-122,-12,-122
224,13.9780528,-77,-6,-77
225,-40.1699676,-117,-9,-117
226,-47.1703019,-124,-15,-124
227,-14.0008759,-91,-8,-91
228,-43.1701759,-120,-10,-120
229,-45.1702532,-122,-12,-122
230,2.9986742,-74,-6,-74
231,-44.7646463,-117,-9,-117
232,-3.0006645,-77,-7,-77
233,-43.7646088,-116,-9,-116
234,-45.7646761,-118,-11,-118
235,-1.0029917,-80,-6,-80
236,-36.5397232,-113,-9,-113
237,0.996234,-79,-7,-79
238,-38.5400787,-115,-9,-115
239,-46.5405902,-123,-16,-123
240,-2.0029917,-81,-6,-81
241,-36.1252008,-113,-9,-113
242,1.9952594,-79,-7,-79
243,-38.125592,-115,-9,-115
244,-46.1261546,-123,-16,-123
245,-0.0029917,-79,-6,-79
246,-37.0109318,-113,-9,-113
247,-0.0029917,-79,-7,-79
248,-39.0112508,-115,-9,-115
249,-47.0117097,-123,-16,-123
250,13.958269,-83,-6,-83
251,-38.1704863,-121,-19,-121
252,-14.001669,-97,-20,-97
253,-40.1707305,-123,-20,-123
254,-39.1706224,-122,-19,-122
255,25.958269,-71,-6,-71
256,-50.010957,-121,-19,-121
257,-26.0001053,-97,-20,-97
258,-52.010973,-123,-20,-123
259,-51.010966,-122,-19,-122
260,22.958269,-74,-6,-74
261,-47.0218348,-121,-19,-121
262,-23.0002102,-97,-20,-97
263,-49.0218666,-123,-20,-123
264,-48.0218525,-122,-19,-122
265,4.9962858,-75,-6,-75
266,-43.193995,-117,-8,-117
267,-5.0011749,-80,-6,-80
268,-52.1941769,-126,-20,-126
269,-38.1935449,-112,-7,-112
270,2.9675053,-81,-6,-81
271,-40.7748611,-120,-14,-120
272,-29.7706483,-109,-7,-109
273,-3.0163163,-84,-7,-84
274,-32.7729315,-112,-9,-112
275,-30.7715899,-110,-9,-110
276,7.7516296,-80,-6,-80
277,-29.6690652,-109,-8,-109
278,-39.6732813,-119,-16,-119
279,-8.0403236,-88,-7,-88
280,-21.6441086,-101,-8,-101
281,10.7516296,-77,-6,-77
282,-32.3481969,-109,-8,-109
283,-42.3504725,-119,-16,-119
284,-11.0202565,-88,-7,-88
285,-24.3347477,-101,-8,-101
286,15.9215244,-80,-6,-80
287,-38.109011,-118,-20,-118
288,-40.1092587,-120,-20,-120
289,-16.0019887,-96,-20,-96
290,-37.1088372,-117,-19,-117
291,16.9215244,-79,-6,-79
292,-39.0868129,-118,-20,-118
293,-41.0870107,-120,-20,-120
294,-17.0015797,-96,-20,-96
295,-38.0866742,-117,-19,-117
296,12.9215244,-83,-6,-83
297,-35.2148549,-118,-20,-118
298,-37.2153373,-120,-20,-120
299,-13.003967,-96,-20,-96
300,-34.2145165,-117,-19,-117
301,16.9378168,-81,-6,-81
302,-42.0867564,-123,-19,-123
303,-46.0869181,-127,-20,-127
304,-17.0012495,-98,-20,-98
305,-37.0861756,-118,-20,-118
306,16.9378168,-81,-6,-81
307,-42.0867564,-123,-19,-123
308,-46.0869181,-127,-20,-127
309,-17.0012495,-98,-20,-98
310,-37.0861756,-118,-20,-118
311,15.9378168,-82,-6,-82
312,-41.1089402,-123,-19,-123
313,-45.1091427,-127,-20,-127
314,-16.0015729,-98,-20,-98
315,-36.1082127,-118,-20,-118
316,8.9173417,-80,-7,-80
317,-28.5181858,-108,-7,-108
318,-9.010493,-89,-7,-89
319,-31.5212319,-111,-7,-111
320,-44.5241372,-124,-20,-124
321,300.0,-85,-6,-85
322,300.0,-84,-6,-84
323,300.0,-84,-6,-84
324,5.4367391,-82,-5,-82
325,-15.9841905,-97,-7,-97
326,-6.1485015,-88,-7,-88
327,-26.0816282,-107,-7,-107
328,6.8095745,-80,-6,-80
329,-30.8187617,-110,-8,-110
330,-7.0386675,-87,-7,-87
331,-21.7937165,-101,-8,-101
332,7.8095745,-79,-6,-79
333,-31.6625095,-110,-8,-110
334,-8.0307428,-87,-7,-87
335,-22.6418971,-101,-8,-101
336,5.8300623,-77,-6,-77
337,-23.9905897,-100,-7,-100
338,-6.0433158,-83,-7,-83
339,-23.9905897,-100,-7,-100
340,8.8300623,-74,-6,-74
341,-26.5246478,-100,-7,-100
342,-9.0217633,-83,-7,-83
343,-26.5246478,-100,-7,-100
344,5.8300623,-77,-6,-77
345,-23.9905897,-100,-7,-100
346,-6.0433158,-83,-7,-83
347,-23.9905897,-100,-7,-100
348,23.068106,-80,-6,-80
349,-38.0206899,-118,-20,-118
350,-24.0041361,-104,-20,-104
351,-31.0179408,-111,-20,-111
352,25.068106,-78,-6,-78
353,-40.0130659,-118,-20,-118
354,-26.0026101,-104,-20,-104
355,-33.0113285,-111,-20,-111
356,19.8500978,-77,-6,-77
357,-40.0442937,-117,-20,-117
358,-20.0015249,-97,-20,-97
359,-36.0436437,-113,-20,-113
360,14.8500978,-82,-6,-82
361,-35.1385519,-117,-20,-117
362,-15.0048204,-97,-20,-97
363,-31.1365403,-113,-20,-113
364,13.8500978,-83,-6,-83
365,-34.1737176,-117,-20,-117
366,-14.0060677,-97,-20,-97
367,-30.1712053,-113,-20,-113
368,24.1523712,-81,-6,-81
369,-30.012333,-111,-19,-111
370,-29.0112116,-110,-20,-110
371,-28.0097993,-109,-20,-109
372,26.1523712,-79,-6,-79
373,-32.0077857,-111,-19,-111
374,-31.0070774,-110,-20,-110
375,-30.0061855,-109,-20,-109
376,17.8692558,-83,-6,-83
377,-22.0433158,-105,-20,-105
378,-23.0488922,-106,-20,-106
379,-23.0488922,-106,-20,-106
380,-4.5945411,-89,-7,-89
381,-8.2881665,-92,-7,-92
382,-5.8940724,-90,-7,-90
383,-1.6088022,-87,-7,-87
384,0.9270414,-88,-5,-88
385,-7.9217605,-94,-7,-94
386,-10.1729856,-96,-7,-96
387,-5.4911991,-92,-7,-92
388,3.0,-89,-7,-89
389,-3.0,-92,-7,-92
390,-0.8940724,-93,-5,-93
391,-6.6256584,-97,-7,-97
392,-10.0729586,-100,-7,-100
393,-4.0347713,-95,-7,-95
394,300.0,-91,-6,-91
395,300.0,-95,-6,-95
396,300.0,-99,-6,-99
397,300.0,-100,-6,-100
398,300.0,-100,-6,-100
399,-6.6891105,-100,-7,-100
400,-2.6471053,-97,-6,-97
401,-15.4092681,-108,-7,-108
402,-0.9882749,-96,-7,-96
403,-9.2078258,-100,-6,-100
404,0.6443915,-93,-6,-93
405,-17.6256584,-108,-7,-108
406,-2.9031062,-95,-7,-95
407,-11.0,-103,-7,-103
408,11.0,-92,-7,-92
409,-14.1509729,-102,-6,-102
410,1.523946,-90,-7,-90
411,-22.2892701,-110,-7,-110
412,-2.3063847,-92,-7,-92
413,-5.0347713,-104,-6,-104
414,-9.7859229,-108,-20,-108
415,-0.4092681,-101,-8,-101
416,-6.3063115,-105,-19,-105
417,-3.0347713,-102,-6,-102
418,-10.4092681,-108,-20,-108
419,-1.4362727,-101,-8,-101
420,-6.9969346,-105,-19,-105
421,1.1635836,-102,-6,-102
422,-7.8006176,-108,-20,-108
423,-21.4362727,-121,-20,-121
424,-4.0167076,-105,-19,-105
425,-7.931894,-104,-6,-104
426,3.5767085,-97,-7,-97
427,-15.45834,-111,-8,-111
428,-7.931894,-104,-7,-104
429,-13.787268,-107,-6,-107
430,-3.2980529,-98,-8,-98
431,-22.9431532,-116,-8,-116
432,2.4243222,-95,-8,-95
433,-2.884524,-109,-6,-109
434,-12.4473465,-117,-20,-117
435,-11.3828637,-116,-8,-116
436,0.6709526,-107,-19,-107
437,-2.884524,-109,-6,-109
438,-12.4473465,-117,-20,-117
439,-11.3828637,-116,-8,-116
440,0.6709526,-107,-19,-107
441,3.9183718,-104,-6,-104
442,-12.2261812,-115,-19,-115
443,-21.4477982,-124,-20,-124
444,-5.3720046,-109,-18,-109
445,2.9183718,-105,-6,-105
446,-11.4943357,-115,-19,-115
447,-20.7554288,-124,-20,-124
448,-4.4633486,-109,-18,-109
449,-0.0816282,-108,-6,-108
450,-9.5993943,-115,-19,-115
451,-18.9969346,-124,-20,-124
452,-1.8801025,-109,-18,-109
453,-0.8364164,-108,-6,-108
454,-2.5169454,-109,-18,-109
455,-20.4092681,-125,-20,-125
456,-6.5870452,-112,-20,-112
457,-4.8364164,-112,-7,-112
458,-0.1177901,-109,-18,-109
459,-19.015453,-125,-20,-125
460,-4.8364164,-112,-20,-112
461,300.0,-109,-7,-109
462,-14.6148912,-111,-7,-111
463,0.510754,-99,-7,-99
464,-17.6891105,-114,-7,-114
465,-1.3930246,-100,-7,-100
466,18.8131065,-88,-6,-88
467,-32.0540013,-120,-10,-120
468,-26.045926,-114,-7,-114
469,-20.0136278,-108,-19,-108
470,19.8131065,-87,-6,-87
471,-33.0429495,-120,-10,-120
472,-27.0365199,-114,-7,-114
473,-21.0108284,-108,-19,-108
474,21.0129755,-86,-6,-86
475,-46.0341506,-132,-20,-132
476,-28.0274244,-114,-7,-114
477,-22.0069866,-108,-19,-108
478,18.9618569,-87,-6,-87
479,-45.0546738,-132,-20,-132
480,-41.0544688,-128,-20,-128
481,-19.0004823,-106,-19,-106
482,16.9618569,-89,-6,-89
483,-43.086336,-132,-20,-132
484,-39.0860134,-128,-20,-128
485,-17.0007643,-106,-19,-106
486,13.9321251,-89,-6,-89
487,-33.1700687,-122,-17,-122
488,-39.1716357,-128,-20,-128
489,-14.0027225,-103,-19,-103
490,18.9186894,-84,-6,-84
491,-38.0546738,-122,-17,-122
492,-41.0550128,-125,-19,-125
493,-19.0010332,-103,-19,-103
494,21.9672542,-81,-6,-81
495,-51.0274879,-132,-20,-132
496,-44.0273503,-125,-19,-125
497,-22.0002074,-103,-19,-103
498,9.9847748,-92,-6,-92
499,-40.4149185,-132,-20,-132
500,-36.4143216,-128,-20,-128
501,-10.0015249,-102,-19,-102
502,12.9847748,-89,-6,-89
503,-43.2129046,-132,-20,-132
504,-39.2125913,-128,-20,-128
505,-13.0007643,-102,-19,-102
506,11.9646444,-88,-6,-88
507,-35.2665388,-123,-18,-123
508,-37.2670154,-125,-20,-125
509,-12.0022393,-100,-19,-100
510,16.9646444,-83,-6,-83
511,-40.0860686,-123,-18,-123
512,-42.0862258,-125,-20,-125
513,-17.0007083,-100,-19,-100
514,16.9646444,-83,-6,-83
515,-40.0860686,-123,-18,-123
516,-42.0862258,-125,-20,-125
517,-17.0007083,-100,-19,-100
518,9.9978188,-82,-6,-82
519,-46.414026,-128,-20,-128
520,-46.414026,-128,-20,-128
521,-10.0002182,-92,-20,-92
522,8.9978188,-83,-6,-83
523,-45.5150914,-128,-20,-128
524,-45.5150914,-128,-20,-128
525,-9.0002747,-92,-20,-92
526,7.9969579,-87,-6,-87
527,-45.6392181,-132,-20,-132
528,-41.6390389,-128,-20,-128
529,-8.0004823,-95,-17,-95
530,9.9982673,-85,-6,-85
531,-47.4140056,-132,-20,-132
532,-47.4140056,-132,-20,-132
533,-10.0001733,-95,-17,-95
534,7.9982673,-87,-6,-87
535,-45.6390389,-132,-20,-132
536,-45.6390389,-132,-20,-132
537,-8.0002747,-95,-17,-95
538,14.9714447,-87,-6,-87
539,-38.1354202,-125,-19,-125
540,-43.1358764,-130,-20,-130
541,-15.0009059,-102,-18,-102
542,16.9714447,-85,-6,-85
543,-40.0859346,-125,-19,-125
544,-45.0862258,-130,-20,-130
545,-17.0005716,-102,-18,-102
546,14.9896794,-87,-6,-87
547,-46.1354202,-133,-18,-133
548,-43.135315,-130,-20,-130
549,-15.0003267,-102,-18,-102
550,15.9967337,-81,-6,-81
551,-52.1077956,-133,-18,-133
552,-49.107769,-130,-20,-130
553,-16.0000821,-97,-20,-97
554,14.9967337,-82,-6,-82
555,-51.1352759,-133,-18,-133
556,-48.1352427,-130,-20,-130
557,-15.0001033,-97,-20,-97
558,300.0,-88,-6,-88
559,300.0,-83,-6,-83
560,300.0,-81,-6,-81
561,3.9984454,-78,-4,-78
562,-43.4556514,-120,-10,-120
563,-42.4556006,-119,-8,-119
564,-4.0006189,-82,-7,-82
565,4.9992357,-74,-4,-74
566,-49.1934418,-122,-10,-122
567,-45.1933628,-118,-8,-118
568,-5.0002417,-79,-7,-79
569,3.9996957,-74,-5,-74
570,-48.4554293,-121,-9,-121
571,-52.4554666,-125,-11,-125
572,-4.0001211,-78,-7,-78
573,300.0,-72,-6,-72
574,300.0,-73,-6,-73
575,4.9958884,-77,-6,-77
576,-41.1939688,-117,-9,-117
577,-38.1936404,-114,-9,-114
578,-5.0013006,-82,-6,-82
579,-0.0003607,-73,-6,-73
580,-50.010437,-120,-9,-120
581,-45.0103433,-115,-8,-115
582,-0.0003607,-73,-7,-73
583,1.9989668,-73,-6,-73
584,-45.1246923,-116,-10,-116
585,-42.1245595,-113,-8,-113
586,-2.0006519,-75,-7,-75
587,-0.0010332,-75,-6,-75
588,-44.0106441,-116,-10,-116
589,-41.0104724,-113,-8,-113
590,-0.0010332,-75,-7,-75
591,-0.0010332,-75,-6,-75
592,-44.0106441,-116,-10,-116
593,-41.0104724,-113,-8,-113
594,-0.0010332,-75,-7,-75
595,-0.0010332,-75,-6,-75
596,-44.0106441,-116,-10,-116
597,-41.0104724,-113,-8,-113
598,-0.0010332,-75,-7,-75
599,11.9977607,-79,-6,-79
600,-47.2657752,-126,-20,-126
601,-49.2658053,-128,-20,-128
602,-12.0001413,-91,-19,-91
603,11.9977607,-79,-6,-79
604,-47.2657752,-126,-20,-126
605,-49.2658053,-128,-20,-128
606,-12.0001413,-91,-19,-91
607,14.9987651,-80,-6,-80
608,-53.135226,-133,-20,-133
609,-54.1352303,-134,-20,-134
610,-15.0000391,-95,-17,-95
611,14.9987651,-80,-6,-80
612,-53.135226,-133,-20,-133
613,-54.1352303,-134,-20,-134
614,-15.0000391,-95,-17,-95
615,14.9987651,-80,-6,-80
616,-53.135226,-133,-20,-133
617,-54.1352303,-134,-20,-134
618,-15.0000391,-95,-17,-95
619,13.9499766,-86,-6,-86
620,-42.1712053,-128,-20,-128
621,-34.1698064,-120,-20,-120
622,-14.0020025,-100,-17,-100
623,13.9499766,-86,-6,-86
624,-42.1712053,-128,-20,-128
625,-34.1698064,-120,-20,-120
626,-14.0020025,-100,-17,-100
627,19.9432099,-86,-6,-86
628,-45.0436437,-131,-20,-131
629,-40.0433497,-126,-20,-126
630,-20.0005716,-106,-17,-106
631,19.9432099,-86,-6,-86
632,-45.0436437,-131,-20,-131
633,-40.0433497,-126,-20,-126
634,-20.0005716,-106,-17,-106
635,19.9432099,-86,-6,-86
636,-45.0436437,-131,-20,-131
637,-40.0433497,-126,-20,-126
638,-20.0005716,-106,-17,-106
639,15.9672542,-87,-6,-87
640,-45.1084136,-132,-20,-132
641,-38.1078762,-125,-19,-125
642,-16.0008256,-103,-18,-103
643,15.9672542,-87,-6,-87
644,-45.1084136,-132,-20,-132
645,-38.1078762,-125,-19,-125
646,-16.0008256,-103,-18,-103
647,11.9117314,-93,-6,-93
648,-33.2689675,-126,-20,-126
649,-31.2677707,-124,-20,-124
650,-12.0056227,-105,-18,-105
651,11.9117314,-93,-6,-93
652,-33.2689675,-126,-20,-126
653,-31.2677707,-124,-20,-124
654,-12.0056227,-105,-18,-105
655,11.9117314,-93,-6,-93
656,-33.2689675,-126,-20,-126
657,-31.2677707,-124,-20,-124
658,-12.0056227,-105,-18,-105
659,3.9739689,-97,-6,-97
660,-35.4615981,-131,-20,-131
661,-28.4566411,-124,-20,-124
662,-4.0103819,-101,-18,-101
663,3.9739689,-97,-6,-97
664,-35.4615981,-131,-20,-131
665,-28.4566411,-124,-20,-124
666,-4.0103819,-101,-18,-101
667,3.9739689,-97,-6,-97
668,-35.4615981,-131,-20,-131
669,-28.4566411,-124,-20,-124
670,-4.0103819,-101,-18,-101
671,10.7358606,-100,-6,-100
672,-30.347944,-130,-20,-130
673,-24.3359777,-124,-20,-124
674,-11.0215788,-111,-19,-111
675,10.7358606,-100,-6,-100
676,-30.347944,-130,-20,-130
677,-24.3359777,-124,-20,-124
678,-11.0215788,-111,-19,-111
679,10.7358606,-100,-6,-100
680,-30.347944,-130,-20,-130
681,-24.3359777,-124,-20,-124
682,-11.0215788,-111,-19,-111
683,300.0,-98,-6,-98
684,300.0,-98,-6,-98
685,300.0,-100,-6,-100
686,300.0,-100,-6,-100
687,300.0,-100,-6,-100
688,300.0,-100,-6,-100
689,300.0,-100,-6,-100
690,300.0,-103,-6,-103
691,300.0,-103,-6,-103
692,300.0,-103,-6,-103
693,300.0,-103,-6,-103
694,300.0,-103,-6,-103
695,300.0,-106,-6,-106
696,300.0,-106,-6,-106
697,300.0,-106,-6,-106
698,-5.1729856,-108,-8,-108
699,-8.7859229,-111,-7,-111
700,-0.6088022,-105,-7,-105
701,-6.4362727,-109,-7,-109
702,-5.1729856,-108,-8,-108
703,-8.7859229,-111,-7,-111
704,-0.6088022,-105,-7,-105
705,-6.4362727,-109,-7,-109
706,-7.4473465,-109,-6,-109
707,-11.8940724,-113,-8,-113
708,-0.3063115,-104,-7,-104
709,-3.5900149,-106,-8,-106
710,-7.4473465,-109,-6,-109
711,-11.8940724,-113,-8,-113
712,-0.3063115,-104,-7,-104
713,-3.5900149,-106,-8,-106
714,-7.4473465,-109,-6,-109
715,-11.8940724,-113,-8,-113
716,-0.3063115,-104,-7,-104
717,-3.5900149,-106,-8,-106
718,9.9270414,-105,-6,-105
719,-13.2184042,-118,-19,-118
720,-17.3412349,-122,-20,-122
721,-15.2941274,-120,-18,-120
722,9.9270414,-105,-6,-105
723,-13.2184042,-118,-19,-118
724,-17.3412349,-122,-20,-122
725,-15.2941274,-120,-18,-120
726,300.0,-104,-6,-104
727,300.0,-104,-6,-104
728,300.0,-104,-6,-104
729,300.0,-109,-6,-109
730,300.0,-109,-6,-109
731,300.0,-112,-6,-112
732,300.0,-112,-6,-112
733,300.0,-112,-6,-112
734,300.0,-118,-8,-118
735,300.0,-118,-8,-118
736,300.0,-122,-10,-122
737,300.0,-122,-10,-122
738,300.0,-122,-10,-122
739,300.0,-136,-20,-136
740,300.0,-136,-20,-136
741,300.0,-129,-15,-129
742,300.0,-129,-15,-129
743,300.0,-129,-15,-129
744,300.0,-132,-18,-132
745,300.0,-132,-19,-132
746,300.0,-132,-19,-132
747,300.0,-130,-17,-130
748,-0.5390189,-130,-16,-130
749,-5.124426,-133,-19,-133
750,-3.7643486,-132,-18,-132
751,-0.5390189,-130,-16,-130
752,-5.124426,-133,-19,-133
753,-3.7643486,-132,-18,-132
754,-0.5390189,-130,-16,-130
755,-5.124426,-133,-19,-133
756,-3.7643486,-132,-18,-132
757,300.0,-129,-15,-129
758,300.0,-129,-15,-129
759,300.0,-128,-15,-128
760,300.0,-128,-15,-128
761,300.0,-128,-15,-128
762,300.0,-132,-18,-132
763,300.0,-132,-18,-132
764,3.0,-130,-17,-130
765,-3.0,-133,-20,-133
766,3.0,-130,-17,-130
767,-3.0,-133,-20,-133
768,3.0,-130,-17,-130
769,-3.0,-133,-20,-133
770,300.0,-133,-19,-133
771,300.0,-133,-19,-133
772,300.0,-128,-15,-128
773,300.0,-128,-15,-128
774,300.0,-130,-16,-130
775,300.0,-129,-15,-129
776,300.0,-129,-15,-129
777,300.0,-129,-16,-129
778,300.0,-129,-16,-129
779,300.0,-129,-16,-129
780,300.0,-129,-16,-129
781,300.0,-130,-16,-130
782,300.0,-130,-16,-130
783,7.0,-125,-12,-125
784,-7.0,-132,-18,-132
785,7.0,-125,-12,-125
786,-7.0,-132,-18,-132
787,7.0,-125,-12,-125
788,-7.0,-132,-19,-132
789,7.0,-125,-12,-125
790,-7.0,-132,-19,-132
791,7.0,-125,-12,-125
792,-7.0,-132,-19,-132
793,7.0,-125,-12,-125
794,-7.0,-132,-19,-132
795,300.0,-131,-17,-131
796,300.0,-131,-17,-131
797,300.0,-130,-16,-130
798,300.0,-130,-16,-130
799,300.0,-130,-16,-130
800,300.0,-130,-16,-130
801,300.0,-130,-16,-130
802,300.0,-135,-20,-135
803,300.0,-135,-20,-135
804,300.0,-135,-20,-135
805,300.0,-135,-20,-135
806,300.0,-138,-20,-138
807,300.0,-138,-20,-138
808,300.0,-137,-20,-137
809,300.0,-137,-20,-137
810,300.0,-133,-19,-133
811,300.0,-133,-19,-133
812,300.0,-132,-18,-132
813,300.0,-132,-18,-132
814,300.0,-136,-20,-136
815,300.0,-136,-20,-136
816,300.0,-136,-20,-136
817,300.0,-135,-20,-135
818,300.0,-135,-20,-135
819,300.0,-136,-20,-136
820,300.0,-136,-20,-136
821,300.0,-136,-20,-136
822,300.0,-138,-20,-138
823,300.0,-138,-20,-138
824,300.0,-133,-20,-133
825,300.0,-133,-20,-133
826,300.0,-127,-15,-127
827,300.0,-127,-15,-127
828,300.0,-127,-15,-127
829,300.0,-129,-16,-129
830,300.0,-129,-16,-129
831,300.0,-128,-15,-128
832,300.0,-128,-15,-128
833,300.0,-128,-15,-128
834,300.0,-128,-15,-128
835,300.0,-128,-15,-128
836,300.0,-131,-18,-131
837,300.0,-131,-18,-131
838,300.0,-131,-18,-131
839,300.0,-131,-18,-131
840,300.0,-131,-18,-131
841,300.0,-132,-19,-132
842,300.0,-132,-19,-132
843,300.0,-132,-19,-132
844,300.0,-127,-15,-127
845,300.0,-127,-15,-127
846,300.0,-131,-19,-131
847,300.0,-131,-19,-131
848,300.0,-131,-19,-131
849,300.0,-130,-17,-130
850,300.0,-130,-17,-130
851,300.0,-130,-17,-130
852,300.0,-130,-17,-130
853,300.0,-130,-17,-130
854,300.0,-131,-18,-131
855,300.0,-131,-18,-131
856,300.0,-131,-18,-131
857,300.0,-129,-16,-129
858,300.0,-129,-16,-129
859,300.0,-128,-16,-128
860,300.0,-128,-16,-128
861,300.0,-128,-16,-128
862,300.0,-130,-17,-130
863,300.0,-130,-17,-130
864,300.0,-130,-17,-130
865,300.0,-130,-17,-130
866,300.0,-130,-17,-130
867,300.0,-129,-17,-129
868,300.0,-129,-17,-129
869,300.0,-129,-17,-129
870,300.0,-129,-17,-129
871,300.0,-129,-17,-129
872,300.0,-131,-19,-131
873,300.0,-131,-19,-131
874,300.0,-131,-19,-131
875,300.0,-132,-19,-132
876,300.0,-132,-19,-132
877,300.0,-131,-18,-131
878,300.0,-131,-18,-131
879,300.0,-131,-18,-131
880,300.0,-131,-18,-131
881,300.0,-131,-18,-131
882,300.0,-131,-18,-131
883,300.0,-132,-19,-132
884,300.0,-132,-19,-132
885,300.0,-132,-19,-132
886,300.0,-131,-18,-131
887,300.0,-131,-18,-131
888,300.0,-131,-18,-131
889,300.0,-131,-18,-131
890,300.0,-130,-17,-130
891,300.0,-130,-17,-130
892,300.0,-131,-18,-131
893,300.0,-131,-18,-131
894,300.0,-131,-18,-131
895,300.0,-131,-18,-131
896,300.0,-131,-18,-131
897,300.0,-130,-17,-130
898,300.0,-130,-17,-130
899,300.0,-130,-17,-130
900,300.0,-128,-16,-128
901,300.0,-128,-16,-128
902,300.0,-130,-17,-130
903,300.0,-130,-17,-130
904,300.0,-130,-17,-130
905,300.0,-131,-18,-131
906,300.0,-131,-18,-131
907,300.0,-131,-18,-131
908,300.0,-131,-18,-131
909,300.0,-131,-18,-131
910,300.0,-130,-18,-130
911,300.0,-130,-18,-130
912,300.0,-130,-17,-130
913,300.0,-130,-17,-130
914,300.0,-130,-17,-130
915,300.0,-140,-20,-140
916,300.0,-140,-20,-140
917,300.0,-130,-18,-130
918,300.0,-130,-18,-130
919,300.0,-129,-16,-129
920,300.0,-129,-16,-129
921,300.0,-129,-16,-129
922,300.0,-130,-17,-130
923,300.0,-130,-17,-130
924,300.0,-129,-17,-129
925,300.0,-129,-17,-129
926,300.0,-129,-17,-129
927,300.0,-132,-19,-132
928,300.0,-132,-19,-132
929,300.0,-132,-19,-132
930,300.0,-132,-19,-132
931,300.0,-132,-19,-132
932,300.0,-132,-19,-132
933,300.0,-132,-19,-132
934,300.0,-130,-18,-130
935,300.0,-130,-18,-130
936,300.0,-130,-18,-130
937,300.0,-129,-17,-129
938,300.0,-129,-17,-129
939,300.0,-131,-18,-131
940,300.0,-131,-18,-131
941,300.0,-131,-18,-131
942,300.0,-131,-18,-131
943,300.0,-131,-18,-131
944,300.0,-132,-19,-132
945,300.0,-132,-19,-132
946,300.0,-132,-19,-132
947,300.0,-130,-17,-130
948,300.0,-130,-17,-130
949,300.0,-130,-18,-130
950,300.0,-130,-18,-130
951,300.0,-132,-19,-132
952,300.0,-132,-19,-132
953,300.0,-132,-19,-132
954,300.0,-130,-18,-130
955,300.0,-130,-18,-130
956,7.0,-129,-16,-129
957,-7.0,-136,-20,-136
958,7.0,-129,-16,-129
959,-7.0,-136,-20,-136
960,7.0,-129,-16,-129
961,-7.0,-136,-20,-136
962,300.0,-124,-13,-124
963,300.0,-124,-13,-124
964,300.0,-130,-17,-130
965,300.0,-130,-17,-130
966,300.0,-129,-16,-129
967,6.0,-125,-13,-125
968,-6.0,-131,-17,-131
969,6.0,-125,-13,-125
970,-6.0,-131,-17,-131
971,-6.0,-130,-17,-130
972,6.0,-124,-12,-124
973,-6.0,-130,-17,-130
974,6.0,-124,-12,-124
975,6.0,-126,-14,-126
976,-6.0,-132,-18,-132
977,6.0,-126,-14,-126
978,-6.0,-132,-18,-132
979,300.0,-127,-14,-127
980,300.0,-127,-14,-127
981,300.0,-127,-14,-127
982,300.0,-132,-19,-132
983,300.0,-132,-19,-132
984,300.0,-126,-13,-126
985,300.0,-126,-13,-126
986,300.0,-126,-13,-126
987,300.0,-110,-6,-110
988,300.0,-110,-6,-110
989,-6.5271876,-105,-6,-105
990,-3.9217605,-103,-7,-103
991,-0.7465331,-101,-7,-101
992,-11.0729586,-109,-7,-109
993,-6.5271876,-105,-6,-105
994,-3.9217605,-103,-7,-103
995,-0.7465331,-101,-7,-101
996,-11.0729586,-109,-7,-109
997,-6.5271876,-105,-6,-105
998,-3.9217605,-103,-7,-103
999,-0.7465331,-101,-7,-101
1000,-11.0729586,-109,-7,-109
1001,-6.2754102,-111,-6,-111
1002,1.8205511,-106,-8,-106
1003,-18.1284136,-122,-20,-122
1004,-6.2754102,-111,-8,-111
1005,-6.2754102,-111,-6,-111
1006,1.8205511,-106,-8,-106
1007,-18.1284136,-122,-20,-122
1008,-6.2754102,-111,-8,-111
1009,-1.7271421,-115,-7,-115
1010,-4.6891105,-117,-20,-117
1011,-3.2892701,-116,-20,-116
1012,-15.8476288,-127,-20,-127
1013,-1.7271421,-115,-7,-115
1014,-4.6891105,-117,-20,-117
1015,-3.2892701,-116,-20,-116
1016,-15.8476288,-127,-20,-127
1017,-1.7271421,-115,-7,-115
1018,-4.6891105,-117,-20,-117
1019,-3.2892701,-116,-20,-116
1020,-15.8476288,-127,-20,-127
1021,2.4054589,-116,-7,-116
1022,-5.9984953,-121,-20,-121
1023,-11.6870871,-126,-20,-126
1024,-9.511331,-124,-20,-124
1025,2.4054589,-116,-7,-116
1026,-5.9984953,-121,-20,-121
1027,-11.6870871,-126,-20,-126
1028,-9.511331,-124,-20,-124
1029,-3.0419382,-116,-7,-116
1030,-8.1772339,-120,-20,-120
1031,0.4474599,-114,-20,-114
1032,-19.7465331,-131,-20,-131
1033,-3.0419382,-116,-7,-116
1034,-8.1772339,-120,-20,-120
1035,0.4474599,-114,-20,-114
1036,-19.7465331,-131,-20,-131
1037,-3.0419382,-116,-7,-116
1038,-8.1772339,-120,-20,-120
1039,0.4474599,-114,-20,-114
1040,-19.7465331,-131,-20,-131
1041,-13.8099593,-113,-7,-113
1042,2.3647325,-101,-8,-101
1043,-3.3299917,-104,-7,-104
1044,-19.9431532,-119,-10,-119
1045,-13.8099593,-113,-7,-113
1046,2.3647325,-101,-8,-101
1047,-3.3299917,-104,-7,-104
1048,-19.9431532,-119,-10,-119
1049,-1.9882749,-117,-8,-117
1050,-6.1794489,-120,-20,-120
1051,-1.9882749,-117,-20,-117
1052,-14.981462,-128,-20,-128
1053,-1.9882749,-117,-8,-117
1054,-6.1794489,-120,-20,-120
1055,-1.9882749,-117,-20,-117
1056,-14.981462,-128,-20,-128
1057,-1.9882749,-117,-8,-117
1058,-6.1794489,-120,-20,-120
1059,-1.9882749,-117,-20,-117
1060,-14.981462,-128,-20,-128
1061,9.0,-121,-10,-121
1062,-9.0,-130,-18,-130
1063,9.0,-121,-10,-121
1064,-9.0,-130,-18,-130
1065,12.0,-119,-8,-119
1066,-12.0,-131,-20,-131
1067,12.0,-119,-8,-119
1068,-12.0,-131,-20,-131
1069,12.0,-119,-8,-119
1070,-12.0,-131,-20,-131
1071,11.0,-118,-8,-118
1072,-11.0,-129,-20,-129
1073,11.0,-118,-8,-118
1074,-11.0,-129,-20,-129
1075,10.0,-120,-9,-120
1076,-10.0,-130,-19,-130
1077,10.0,-120,-9,-120
1078,-10.0,-130,-19,-130
1079,10.0,-120,-9,-120
1080,-10.0,-130,-19,-130
1081,15.0,-119,-9,-119
1082,-15.0,-134,-20,-134
1083,15.0,-119,-9,-119
1084,-15.0,-134,-20,-134
1085,13.0,-120,-9,-120
1086,-13.0,-133,-20,-133
1087,13.0,-120,-9,-120
1088,-13.0,-133,-20,-133
1089,13.0,-120,-9,-120
1090,-13.0,-133,-20,-133
1091,300.0,-119,-9,-119
1092,300.0,-119,-9,-119
1093,300.0,-117,-8,-117
1094,300.0,-117,-8,-117
1095,300.0,-117,-8,-117
1096,300.0,-124,-12,-124
1097,300.0,-124,-12,-124
1098,300.0,-128,-15,-128
1099,300.0,-128,-15,-128
1100,300.0,-128,-15,-128
1101,8.0,-103,-6,-103
1102,-8.0,-111,-8,-111
1103,8.0,-103,-6,-103
1104,-8.0,-111,-8,-111
1105,8.0,-103,-6,-103
1106,-8.0,-111,-8,-111
1107,13.0,-111,-7,-111
1108,-13.0,-124,-20,-124
1109,13.0,-111,-7,-111
1110,-13.0,-124,-20,-124
1111,18.0,-113,-7,-113
1112,-18.0,-131,-20,-131
1113,18.0,-113,-7,-113
1114,-18.0,-131,-20,-131
1115,18.0,-113,-7,-113
1116,-18.0,-131,-20,-131
1117,19.0,-112,-7,-112
1118,-19.0,-131,-20,-131
1119,19.0,-112,-7,-112
1120,-19.0,-131,-20,-131
1121,12.0,-113,-7,-113
1122,-12.0,-125,-19,-125
1123,12.0,-113,-7,-113
1124,-12.0,-125,-19,-125
1125,12.0,-113,-7,-113
1126,-12.0,-125,-19,-125
1127,17.0,-114,-7,-114
1128,-17.0,-131,-20,-131
1129,17.0,-114,-7,-114
1130,-17.0,-131,-20,-131
1131,2.0,-115,-8,-115
1132,-2.0,-117,-9,-117
1133,2.0,-115,-8,-115
1134,-2.0,-117,-9,-117
1135,2.0,-115,-8,-115
1136,-2.0,-117,-9,-117
1137,-6.1077423,-120,-9,-120
1138,-16.9732279,-130,-17,-130
1139,5.5860731,-114,-7,-114
1140,-6.1077423,-120,-9,-120
1141,-16.9732279,-130,-17,-130
1142,5.5860731,-114,-7,-114
1143,6.875574,-124,-10,-124
1144,-9.3319562,-133,-20,-133
1145,-11.5149694,-135,-20,-135
1146,6.875574,-124,-10,-124
1147,-9.3319562,-133,-20,-133
1148,-11.5149694,-135,-20,-135
1149,6.875574,-124,-10,-124
1150,-9.3319562,-133,-20,-133
1151,-11.5149694,-135,-20,-135
1152,3.0,-127,-14,-127
1153,-3.0,-130,-16,-130
1154,3.0,-127,-14,-127
1155,-3.0,-130,-16,-130
1156,3.0,-127,-14,-127
1157,-3.0,-130,-16,-130
1158,300.0,-135,-20,-135
1159,300.0,-135,-20,-135
1160,300.0,-135,-20,-135
1161,300.0,-130,-17,-130
1162,300.0,-130,-17,-130
1163,300.0,-134,-20,-134
1164,300.0,-134,-20,-134
1165,300.0,-134,-20,-134
1166,300.0,-139,-20,-139
1167,300.0,-139,-20,-139
1168,300.0,-139,-20,-139
1169,300.0,-139,-20,-139
1170,300.0,-140,-20,-140
1171,300.0,-140,-20,-140
1172,300.0,-140,-20,-140
1173,300.0,-140,-20,-140
1174,300.0,-140,-20,-140
